ND1;ND2;VA;V1;V2;Vb;Vb-V1;Vb-V2;a1;a2;x1;x2;phi1;phi2
1.00E+16;1.00E+16;0;0.196103283;0.196103283;0.677053597;0.480950313;0.480950313;N/A;N/A;2.50E-05;2.50E-05;0.480950313;0.480950313
1.00E+16;1.00E+16;-0.9;0.196103283;1.096103283;1.230992008;1.034888725;0.134888725;0.615487124;0.615487124;3.66E-05;1.34E-05;0.480950313;0.480950313
1.00E+16;1.00E+16;-0.8;0.196103283;0.996103283;1.159088796;0.962985513;0.162985513;0.602543999;0.602543999;3.54E-05;1.46E-05;0.480950313;0.480950313
1.00E+16;1.00E+16;-0.7;0.196103283;0.896103283;1.089774209;0.893670925;0.193670925;0.589600874;0.589600874;3.41E-05;1.59E-05;0.480950313;0.480950313
1.00E+16;1.00E+16;-0.6;0.196103283;0.796103283;1.023048246;0.826944963;0.226944963;0.576657749;0.576657749;3.28E-05;1.72E-05;0.480950313;0.480950313
1.00E+16;1.00E+16;-0.5;0.196103283;0.696103283;0.958910909;0.762807625;0.262807625;0.563714624;0.563714624;3.15E-05;1.85E-05;0.480950313;0.480950313
1.00E+16;1.00E+16;-0.4;0.196103283;0.596103283;0.897362196;0.701258913;0.301258913;0.550771499;0.550771499;3.02E-05;1.98E-05;0.480950313;0.480950313
1.00E+16;1.00E+16;-0.3;0.196103283;0.496103283;0.838402109;0.642298826;0.342298826;0.537828374;0.537828374;2.89E-05;2.11E-05;0.480950313;0.480950313
1.00E+16;1.00E+16;-0.2;0.196103283;0.396103283;0.782030647;0.585927363;0.385927363;0.524885249;0.524885249;2.76E-05;2.24E-05;0.480950313;0.480950313
1.00E+16;1.00E+16;-0.1;0.196103283;0.296103283;0.728247809;0.532144526;0.432144526;0.511942124;0.511942124;2.63E-05;2.37E-05;0.480950313;0.480950313
1.00E+16;1.00E+16;0.1;0.196103283;0.096103283;0.628448009;0.432344726;0.532344726;0.486055874;0.486055874;2.37E-05;2.63E-05;0.480950313;0.480950313
1.00E+16;1.00E+16;0.2;0.196103283;-0.003896717;0.582431047;0.386327764;0.586327764;0.473112749;0.473112749;2.24E-05;2.76E-05;0.480950313;0.480950313
1.00E+16;1.00E+16;0.3;0.196103283;-0.103896717;0.53900271;0.342899426;0.642899426;0.460169624;0.460169624;2.11E-05;2.89E-05;0.480950313;0.480950313
1.00E+16;1.00E+16;0.4;0.196103283;-0.203896717;0.498162997;0.302059714;0.702059714;0.447226499;0.447226499;1.98E-05;3.02E-05;0.480950313;0.480950313
1.00E+16;1.00E+16;0.5;0.196103283;-0.303896717;0.45991191;0.263808626;0.763808626;0.434283374;0.434283374;1.85E-05;3.15E-05;0.480950313;0.480950313
1.00E+16;1.00E+16;0.6;0.196103283;-0.403896717;0.424249447;0.228146164;0.828146164;0.421340249;0.421340249;1.72E-05;3.28E-05;0.480950313;0.480950313
1.00E+16;1.00E+16;0.7;0.196103283;-0.503896717;0.39117561;0.195072327;0.895072327;0.408397124;0.408397124;1.59E-05;3.41E-05;0.480950313;0.480950313
1.00E+16;1.00E+16;0.8;0.196103283;-0.603896717;0.360690398;0.164587114;0.964587114;0.395453999;0.395453999;1.46E-05;3.54E-05;0.480950313;0.480950313
1.00E+16;1.00E+16;0.9;0.196103283;-0.703896717;0.33279381;0.136690527;1.036690527;0.382510874;0.382510874;1.34E-05;3.66E-05;0.480950313;0.480950313
1.00E+16;1.20E+16;0;0.196103283;0.191399387;0.631703293;0.435600009;0.440303906;#DIV/0!;#DIV/0!;2.38E-05;2.18E-05;0.435600009;0.440303906
1.00E+16;1.20E+16;-0.9;0.196103283;1.091399387;1.209899256;1.013795972;0.118499869;0.642439959;0.642439959;3.63E-05;1.14E-05;0.435600009;0.440303906
1.00E+16;1.20E+16;-0.8;0.196103283;0.991399387;1.135225301;0.939122018;0.143825914;0.629402511;0.629402511;3.49E-05;1.26E-05;0.435600009;0.440303906
1.00E+16;1.20E+16;-0.7;0.196103283;0.891399387;1.063070231;0.866966948;0.171670844;0.616238483;0.616238483;3.35E-05;1.37E-05;0.435600009;0.440303906
1.00E+16;1.20E+16;-0.6;0.196103283;0.791399387;0.993470629;0.797367346;0.202071242;0.602945561;0.602945561;3.22E-05;1.49E-05;0.435600009;0.440303906
1.00E+16;1.20E+16;-0.5;0.196103283;0.691399387;0.926463975;0.730360692;0.235064588;0.589521365;0.589521365;3.08E-05;1.60E-05;0.435600009;0.440303906
1.00E+16;1.20E+16;-0.4;0.196103283;0.591399387;0.862088673;0.665985389;0.270689286;0.57596345;0.57596345;2.94E-05;1.72E-05;0.435600009;0.440303906
1.00E+16;1.20E+16;-0.3;0.196103283;0.491399387;0.800384084;0.6042808;0.308984696;0.562269303;0.562269303;2.80E-05;1.83E-05;0.435600009;0.440303906
1.00E+16;1.20E+16;-0.2;0.196103283;0.391399387;0.741390561;0.545287277;0.349991173;0.548436338;0.548436338;2.66E-05;1.95E-05;0.435600009;0.440303906
1.00E+16;1.20E+16;-0.1;0.196103283;0.291399387;0.685149483;0.489046199;0.393750095;0.534461898;0.534461898;2.52E-05;2.07E-05;0.435600009;0.440303906
1.00E+16;1.20E+16;0.1;0.196103283;0.091399387;0.581095536;0.384992253;0.489696149;0.506077569;0.506077569;2.24E-05;2.30E-05;0.435600009;0.440303906
1.00E+16;1.20E+16;0.2;0.196103283;-0.008600613;0.5333709;0.337267616;0.541971512;0.491661966;0.491661966;2.09E-05;2.42E-05;0.435600009;0.440303906
1.00E+16;1.20E+16;0.3;0.196103283;-0.108600613;0.488575256;0.292471973;0.597175869;0.477093456;0.477093456;1.95E-05;2.54E-05;0.435600009;0.440303906
1.00E+16;1.20E+16;0.4;0.196103283;-0.208600613;0.446755708;0.250652424;0.65535632;0.462368963;0.462368963;1.81E-05;2.66E-05;0.435600009;0.440303906
1.00E+16;1.20E+16;0.5;0.196103283;-0.308600613;0.407960632;0.211857349;0.716561245;0.447485321;0.447485321;1.66E-05;2.78E-05;0.435600009;0.440303906
1.00E+16;1.20E+16;0.6;0.196103283;-0.408600613;0.372239734;0.17613645;0.780840346;0.432439265;0.432439265;1.51E-05;2.90E-05;0.435600009;0.440303906
1.00E+16;1.20E+16;0.7;0.196103283;-0.508600613;0.339644091;0.143540807;0.848244704;0.417227431;0.417227431;1.37E-05;3.03E-05;0.435600009;0.440303906
1.00E+16;1.20E+16;0.8;0.196103283;-0.608600613;0.310226214;0.114122931;0.918826827;0.401846348;0.401846348;1.22E-05;3.15E-05;0.435600009;0.440303906
1.00E+16;1.20E+16;0.9;0.196103283;-0.708600613;0.284040101;0.087936818;0.992640714;0.386292435;0.386292435;1.07E-05;3.27E-05;0.435600009;0.440303906
1.00E+16;1.40E+16;0;0.196103283;0.1874223;0.594886592;0.398783308;0.407464292;#DIV/0!;#DIV/0!;2.28E-05;1.95E-05;0.398783308;0.407464292
1.00E+16;1.40E+16;-0.9;0.196103283;1.0874223;1.193203441;0.997100158;0.105781142;0.6647965;0.6647965;3.60E-05;1.00E-05;0.398783308;0.407464292
1.00E+16;1.40E+16;-0.8;0.196103283;0.9874223;1.116293411;0.920190128;0.128871111;0.651758524;0.651758524;3.46E-05;1.10E-05;0.398783308;0.407464292
1.00E+16;1.40E+16;-0.7;0.196103283;0.8874223;1.041823949;0.845720665;0.154401649;0.638481938;0.638481938;3.31E-05;1.20E-05;0.398783308;0.407464292
1.00E+16;1.40E+16;-0.6;0.196103283;0.7874223;0.969861681;0.773758397;0.182439381;0.624958481;0.624958481;3.17E-05;1.31E-05;0.398783308;0.407464292
1.00E+16;1.40E+16;-0.5;0.196103283;0.6874223;0.900476322;0.704373038;0.213054022;0.61117946;0.61117946;3.02E-05;1.41E-05;0.398783308;0.407464292
1.00E+16;1.40E+16;-0.4;0.196103283;0.5874223;0.833740878;0.637637595;0.246318578;0.597135716;0.597135716;2.88E-05;1.52E-05;0.398783308;0.407464292
1.00E+16;1.40E+16;-0.3;0.196103283;0.4874223;0.76973187;0.573628587;0.28230957;0.582817594;0.582817594;2.73E-05;1.62E-05;0.398783308;0.407464292
1.00E+16;1.40E+16;-0.2;0.196103283;0.3874223;0.708529573;0.51242629;0.321107273;0.568214906;0.568214906;2.58E-05;1.73E-05;0.398783308;0.407464292
1.00E+16;1.40E+16;-0.1;0.196103283;0.2874223;0.65021828;0.454114997;0.362795981;0.553316886;0.553316886;2.43E-05;1.84E-05;0.398783308;0.407464292
1.00E+16;1.40E+16;0.1;0.196103283;0.0874223;0.542627727;0.346524443;0.455205427;0.522588651;0.522588651;2.12E-05;2.06E-05;0.398783308;0.407464292
1.00E+16;1.40E+16;0.2;0.196103283;-0.0125777;0.493539869;0.297436586;0.50611757;0.506733612;0.506733612;1.97E-05;2.17E-05;0.398783308;0.407464292
1.00E+16;1.40E+16;0.3;0.196103283;-0.1125777;0.447726546;0.251623263;0.560304247;0.490533485;0.490533485;1.81E-05;2.28E-05;0.398783308;0.407464292
1.00E+16;1.40E+16;0.4;0.196103283;-0.2125777;0.405297044;0.209193761;0.617874744;0.47397387;0.47397387;1.65E-05;2.39E-05;0.398783308;0.407464292
1.00E+16;1.40E+16;0.5;0.196103283;-0.3125777;0.366366865;0.170263582;0.678944566;0.457039453;0.457039453;1.49E-05;2.51E-05;0.398783308;0.407464292
1.00E+16;1.40E+16;0.6;0.196103283;-0.4125777;0.331058239;0.134954955;0.743635939;0.439713922;0.439713922;1.33E-05;2.62E-05;0.398783308;0.407464292
1.00E+16;1.40E+16;0.7;0.196103283;-0.5125777;0.299500678;0.103397394;0.812078378;0.421979877;0.421979877;1.16E-05;2.74E-05;0.398783308;0.407464292
1.00E+16;1.40E+16;0.8;0.196103283;-0.6125777;0.271831605;0.075728321;0.884409305;0.403818734;0.403818734;9.95E-06;2.86E-05;0.398783308;0.407464292
1.00E+16;1.40E+16;0.9;0.196103283;-0.7125777;0.248197043;0.052093759;0.960774743;0.38521061;0.38521061;8.26E-06;2.98E-05;0.398783308;0.407464292
1.00E+16;1.60E+16;0;0.196103283;0.18397719;0.564194298;0.368091015;0.380217108;#DIV/0!;#DIV/0!;2.19E-05;1.76E-05;0.368091015;0.380217108
1.00E+16;1.60E+16;-0.9;0.196103283;1.08397719;1.179573776;0.983470492;0.095596586;0.683754975;0.683754975;3.57E-05;8.92E-06;0.368091015;0.380217108
1.00E+16;1.60E+16;-0.8;0.196103283;0.98397719;1.100815181;0.904711898;0.116837991;0.670776103;0.670776103;3.43E-05;9.83E-06;0.368091015;0.380217108
1.00E+16;1.60E+16;-0.7;0.196103283;0.88397719;1.024416281;0.828312998;0.140439091;0.657459976;0.657459976;3.28E-05;1.08E-05;0.368091015;0.380217108
1.00E+16;1.60E+16;-0.6;0.196103283;0.78397719;0.950468271;0.754364988;0.166491081;0.643789954;0.643789954;3.13E-05;1.17E-05;0.368091015;0.380217108
1.00E+16;1.60E+16;-0.5;0.196103283;0.68397719;0.879068375;0.682965092;0.195091185;0.629748154;0.629748154;2.98E-05;1.26E-05;0.368091015;0.380217108
1.00E+16;1.60E+16;-0.4;0.196103283;0.58397719;0.810320422;0.614217138;0.226343232;0.615315308;0.615315308;2.82E-05;1.36E-05;0.368091015;0.380217108
1.00E+16;1.60E+16;-0.3;0.196103283;0.48397719;0.744335487;0.548232204;0.260358297;0.600470629;0.600470629;2.67E-05;1.46E-05;0.368091015;0.380217108
1.00E+16;1.60E+16;-0.2;0.196103283;0.38397719;0.681232626;0.485129342;0.297255436;0.585191638;0.585191638;2.51E-05;1.56E-05;0.368091015;0.380217108
1.00E+16;1.60E+16;-0.1;0.196103283;0.28397719;0.621139696;0.425036412;0.337162506;0.569453977;0.569453977;2.35E-05;1.66E-05;0.368091015;0.380217108
1.00E+16;1.60E+16;0.1;0.196103283;0.08397719;0.510544849;0.314441565;0.426567659;0.536494496;0.536494496;2.02E-05;1.86E-05;0.368091015;0.380217108
1.00E+16;1.60E+16;0.2;0.196103283;-0.01602281;0.460351807;0.264248524;0.476374617;0.519212456;0.519212456;1.85E-05;1.97E-05;0.368091015;0.380217108
1.00E+16;1.60E+16;0.3;0.196103283;-0.11602281;0.413789092;0.217685808;0.529811902;0.501350688;0.501350688;1.68E-05;2.07E-05;0.368091015;0.380217108
1.00E+16;1.60E+16;0.4;0.196103283;-0.21602281;0.371045715;0.174942431;0.587068525;0.482871459;0.482871459;1.51E-05;2.18E-05;0.368091015;0.380217108
1.00E+16;1.60E+16;0.5;0.196103283;-0.31602281;0.332327682;0.136224398;0.648350492;0.463733233;0.463733233;1.33E-05;2.29E-05;0.368091015;0.380217108
1.00E+16;1.60E+16;0.6;0.196103283;-0.41602281;0.297860212;0.101756928;0.713883022;0.443890144;0.443890144;1.15E-05;2.40E-05;0.368091015;0.380217108
1.00E+16;1.60E+16;0.7;0.196103283;-0.51602281;0.267890344;0.07178706;0.783913154;0.423291364;0.423291364;9.69E-06;2.52E-05;0.368091015;0.380217108
1.00E+16;1.60E+16;0.8;0.196103283;-0.61602281;0.242690016;0.046586732;0.858712826;0.401880353;0.401880353;7.82E-06;2.64E-05;0.368091015;0.380217108
1.00E+16;1.60E+16;0.9;0.196103283;-0.71602281;0.222559726;0.026456442;0.938582536;0.37959397;0.37959397;5.90E-06;2.76E-05;0.368091015;0.380217108
1.00E+16;1.80E+16;0;0.196103283;0.180938388;0.538083147;0.341979864;0.35714476;#DIV/0!;#DIV/0!;2.11E-05;1.61E-05;0.341979864;0.35714476
1.00E+16;1.80E+16;-0.9;0.196103283;1.080938388;1.168180215;0.972076932;0.087241828;0.700107853;0.700107853;3.55E-05;8.04E-06;0.341979864;0.35714476
1.00E+16;1.80E+16;-0.8;0.196103283;0.980938388;1.087864387;0.891761103;0.106925999;0.687226549;0.687226549;3.40E-05;8.88E-06;0.341979864;0.35714476
1.00E+16;1.80E+16;-0.7;0.196103283;0.880938388;1.009828012;0.813724729;0.128889625;0.673921236;0.673921236;3.25E-05;9.72E-06;0.341979864;0.35714476
1.00E+16;1.80E+16;-0.6;0.196103283;0.780938388;0.934182348;0.738079065;0.153243961;0.660165335;0.660165335;3.10E-05;1.06E-05;0.341979864;0.35714476
1.00E+16;1.80E+16;-0.5;0.196103283;0.680938388;0.861048007;0.664944724;0.18010962;0.64592972;0.64592972;2.94E-05;1.15E-05;0.341979864;0.35714476
1.00E+16;1.80E+16;-0.4;0.196103283;0.580938388;0.790556097;0.594452813;0.209617709;0.631182374;0.631182374;2.78E-05;1.23E-05;0.341979864;0.35714476
1.00E+16;1.80E+16;-0.3;0.196103283;0.480938388;0.722849547;0.526746264;0.24191116;0.615888;0.615888;2.62E-05;1.32E-05;0.341979864;0.35714476
1.00E+16;1.80E+16;-0.2;0.196103283;0.380938388;0.658084658;0.461981374;0.27714627;0.600007552;0.600007552;2.45E-05;1.42E-05;0.341979864;0.35714476
1.00E+16;1.80E+16;-0.1;0.196103283;0.280938388;0.596432915;0.400329632;0.315494528;0.58349768;0.58349768;2.28E-05;1.51E-05;0.341979864;0.35714476
1.00E+16;1.80E+16;0.1;0.196103283;0.080938388;0.483244078;0.287140795;0.402305691;0.548390692;0.548390692;1.93E-05;1.70E-05;0.341979864;0.35714476
1.00E+16;1.80E+16;0.2;0.196103283;-0.019061612;0.432147395;0.236044111;0.451209007;0.529678763;0.529678763;1.75E-05;1.80E-05;0.341979864;0.35714476
1.00E+16;1.80E+16;0.3;0.196103283;-0.119061612;0.385051448;0.188948165;0.504113061;0.510105664;0.510105664;1.57E-05;1.91E-05;0.341979864;0.35714476
1.00E+16;1.80E+16;0.4;0.196103283;-0.219061612;0.342245756;0.146142473;0.561307369;0.489593477;0.489593477;1.38E-05;2.01E-05;0.341979864;0.35714476
1.00E+16;1.80E+16;0.5;0.196103283;-0.319061612;0.304056539;0.107953255;0.623118151;0.468053217;0.468053217;1.19E-05;2.12E-05;0.341979864;0.35714476
1.00E+16;1.80E+16;0.6;0.196103283;-0.419061612;0.270853579;0.074750296;0.689915192;0.445382613;0.445382613;9.89E-06;2.23E-05;0.341979864;0.35714476
1.00E+16;1.80E+16;0.7;0.196103283;-0.519061612;0.243058834;0.04695555;0.762120446;0.421463305;0.421463305;7.85E-06;2.34E-05;0.341979864;0.35714476
1.00E+16;1.80E+16;0.8;0.196103283;-0.619061612;0.221157357;0.025054073;0.840218969;0.396157238;0.396157238;5.74E-06;2.46E-05;0.341979864;0.35714476
1.00E+16;1.80E+16;0.9;0.196103283;-0.719061612;0.20571136;0.009608076;0.924772972;0.369301986;0.369301986;3.58E-06;2.58E-05;0.341979864;0.35714476
1.00E+16;2.00E+16;0;0.196103283;0.178220086;0.515509641;0.319406358;0.337289555;#DIV/0!;#DIV/0!;2.04E-05;1.48E-05;0.319406358;0.337289555
1.00E+16;2.00E+16;-0.9;0.196103283;1.078220086;1.158474943;0.962371659;0.080254857;0.71440589;0.71440589;3.53E-05;7.33E-06;0.319406358;0.337289555
1.00E+16;2.00E+16;-0.8;0.196103283;0.978220086;1.076827229;0.880723945;0.098607143;0.701646984;0.701646984;3.38E-05;8.09E-06;0.319406358;0.337289555
1.00E+16;2.00E+16;-0.7;0.196103283;0.878220086;0.997381047;0.801277763;0.119160961;0.688387722;0.688387722;3.23E-05;8.87E-06;0.319406358;0.337289555
1.00E+16;2.00E+16;-0.6;0.196103283;0.778220086;0.920264023;0.72416074;0.142043937;0.674590637;0.674590637;3.07E-05;9.67E-06;0.319406358;0.337289555
1.00E+16;2.00E+16;-0.5;0.196103283;0.678220086;0.845616614;0.649513331;0.167396528;0.660213946;0.660213946;2.90E-05;1.05E-05;0.319406358;0.337289555
1.00E+16;2.00E+16;-0.4;0.196103283;0.578220086;0.773593987;0.577490704;0.195373901;0.645210864;0.645210864;2.74E-05;1.13E-05;0.319406358;0.337289555
1.00E+16;2.00E+16;-0.3;0.196103283;0.478220086;0.704368272;0.508264988;0.226148186;0.629528768;0.629528768;2.57E-05;1.22E-05;0.319406358;0.337289555
1.00E+16;2.00E+16;-0.2;0.196103283;0.378220086;0.638131278;0.442027994;0.259911192;0.613108182;0.613108182;2.40E-05;1.30E-05;0.319406358;0.337289555
1.00E+16;2.00E+16;-0.1;0.196103283;0.278220086;0.575097794;0.378994511;0.296877708;0.59588153;0.59588153;2.22E-05;1.39E-05;0.319406358;0.337289555
1.00E+16;2.00E+16;0.1;0.196103283;0.078220086;0.459640685;0.263537402;0.381420599;0.558689563;0.558689563;1.85E-05;1.57E-05;0.319406358;0.337289555
1.00E+16;2.00E+16;0.2;0.196103283;-0.021779914;0.407803119;0.211699836;0.429583033;0.53853261;0.53853261;1.66E-05;1.67E-05;0.319406358;0.337289555
1.00E+16;2.00E+16;0.3;0.196103283;-0.121779914;0.360355424;0.164252141;0.482135338;0.517180723;0.517180723;1.46E-05;1.77E-05;0.319406358;0.337289555
1.00E+16;2.00E+16;0.4;0.196103283;-0.221779914;0.317712584;0.1216093;0.539492498;0.494492643;0.494492643;1.26E-05;1.87E-05;0.319406358;0.337289555
1.00E+16;2.00E+16;0.5;0.196103283;-0.321779914;0.280359401;0.084256118;0.602139315;0.47030048;0.47030048;1.05E-05;1.98E-05;0.319406358;0.337289555
1.00E+16;2.00E+16;0.6;0.196103283;-0.421779914;0.248868143;0.052764859;0.670648056;0.444402498;0.444402498;8.31E-06;2.08E-05;0.319406358;0.337289555
1.00E+16;2.00E+16;0.7;0.196103283;-0.521779914;0.223922364;0.02781908;0.745702278;0.416553254;0.416553254;6.05E-06;2.20E-05;0.319406358;0.337289555
1.00E+16;2.00E+16;0.8;0.196103283;-0.621779914;0.206349795;0.010246512;0.828129709;0.386449808;0.386449808;3.69E-06;2.32E-05;0.319406358;0.337289555
1.00E+16;2.00E+16;0.9;0.196103283;-0.721779914;0.197168886;0.001065603;0.9189488;0.35371195;0.35371195;1.22E-06;2.44E-05;0.319406358;0.337289555
1.20E+16;1.00E+16;0;0.191399387;0.196103283;0.631517229;0.440117842;0.435413945;#DIV/0!;#DIV/0!;2.18E-05;2.38E-05;0.440117842;0.435413945
1.20E+16;1.00E+16;-0.9;0.191399387;1.096103283;1.181831484;0.990432097;0.085728201;0.611460284;0.611460284;3.27E-05;1.07E-05;0.440117842;0.435413945
1.20E+16;1.00E+16;-0.8;0.191399387;0.996103283;1.108247307;0.91684792;0.112144023;0.595912598;0.595912598;3.15E-05;1.22E-05;0.440117842;0.435413945
1.20E+16;1.00E+16;-0.7;0.191399387;0.896103283;1.037893599;0.846494212;0.141790316;0.580537672;0.580537672;3.03E-05;1.37E-05;0.440117842;0.435413945
1.20E+16;1.00E+16;-0.6;0.191399387;0.796103283;0.970716385;0.779316998;0.174613102;0.565331927;0.565331927;2.90E-05;1.51E-05;0.440117842;0.435413945
1.20E+16;1.00E+16;-0.5;0.191399387;0.696103283;0.906663176;0.715263789;0.210559893;0.550291895;0.550291895;2.78E-05;1.66E-05;0.440117842;0.435413945
1.20E+16;1.00E+16;-0.4;0.191399387;0.596103283;0.845682913;0.654283526;0.24957963;0.535414211;0.535414211;2.66E-05;1.81E-05;0.440117842;0.435413945
1.20E+16;1.00E+16;-0.3;0.191399387;0.496103283;0.787725913;0.596326525;0.291622629;0.520695613;0.520695613;2.54E-05;1.95E-05;0.440117842;0.435413945
1.20E+16;1.00E+16;-0.2;0.191399387;0.396103283;0.732743816;0.541344428;0.336640532;0.506132934;0.506132934;2.42E-05;2.09E-05;0.440117842;0.435413945
1.20E+16;1.00E+16;-0.1;0.191399387;0.296103283;0.680689539;0.489290152;0.384586256;0.491723103;0.491723103;2.30E-05;2.24E-05;0.440117842;0.435413945
1.20E+16;1.00E+16;0.1;0.191399387;0.096103283;0.585182215;0.393782828;0.489078932;0.463350136;0.463350136;2.07E-05;2.52E-05;0.440117842;0.435413945
1.20E+16;1.00E+16;0.2;0.191399387;-0.003896717;0.541640971;0.350241583;0.545537687;0.44938129;0.44938129;1.95E-05;2.66E-05;0.440117842;0.435413945
1.20E+16;1.00E+16;0.3;0.191399387;-0.103896717;0.50085107;0.309451682;0.604747786;0.435553864;0.435553864;1.83E-05;2.80E-05;0.440117842;0.435413945
1.20E+16;1.00E+16;0.4;0.191399387;-0.203896717;0.462771149;0.271371762;0.666667866;0.421865198;0.421865198;1.72E-05;2.94E-05;0.440117842;0.435413945
1.20E+16;1.00E+16;0.5;0.191399387;-0.303896717;0.427360873;0.235961486;0.73125759;0.408312711;0.408312711;1.60E-05;3.08E-05;0.440117842;0.435413945
1.20E+16;1.00E+16;0.6;0.191399387;-0.403896717;0.394580895;0.203181508;0.798477612;0.394893889;0.394893889;1.49E-05;3.22E-05;0.440117842;0.435413945
1.20E+16;1.00E+16;0.7;0.191399387;-0.503896717;0.364392827;0.17299344;0.868289544;0.381606288;0.381606288;1.37E-05;3.35E-05;0.440117842;0.435413945
1.20E+16;1.00E+16;0.8;0.191399387;-0.603896717;0.336759204;0.145359817;0.940655921;0.36844753;0.36844753;1.26E-05;3.49E-05;0.440117842;0.435413945
1.20E+16;1.00E+16;0.9;0.191399387;-0.703896717;0.311643458;0.12024407;1.015540174;0.355415301;0.355415301;1.14E-05;3.63E-05;0.440117842;0.435413945
1.40E+16;1.00E+16;0;0.1874223;0.196103283;0.59454228;0.407119981;0.398438997;#DIV/0!;#DIV/0!;1.95E-05;2.28E-05;0.407119981;0.398438997
1.40E+16;1.00E+16;-0.9;0.1874223;1.096103283;1.145608737;0.958186437;0.049505453;0.612296063;0.612296063;2.98E-05;8.26E-06;0.407119981;0.398438997
1.40E+16;1.00E+16;-0.8;0.1874223;0.996103283;1.069504547;0.882082248;0.073401264;0.593702834;0.593702834;2.86E-05;9.95E-06;0.407119981;0.398438997
1.40E+16;1.00E+16;-0.7;0.1874223;0.896103283;0.99743164;0.81000934;0.101328357;0.575556228;0.575556228;2.74E-05;1.16E-05;0.407119981;0.398438997
1.40E+16;1.00E+16;-0.6;0.1874223;0.796103283;0.929244108;0.741821808;0.133140825;0.55783638;0.55783638;2.62E-05;1.33E-05;0.407119981;0.398438997
1.40E+16;1.00E+16;-0.5;0.1874223;0.696103283;0.864804639;0.677382339;0.168701356;0.540524717;0.540524717;2.51E-05;1.49E-05;0.407119981;0.398438997
1.40E+16;1.00E+16;-0.4;0.1874223;0.596103283;0.803983823;0.616561523;0.207880539;0.523603856;0.523603856;2.39E-05;1.65E-05;0.407119981;0.398438997
1.40E+16;1.00E+16;-0.3;0.1874223;0.496103283;0.746659529;0.55923723;0.250556246;0.507057497;0.507057497;2.28E-05;1.81E-05;0.407119981;0.398438997
1.40E+16;1.00E+16;-0.2;0.1874223;0.396103283;0.692716348;0.505294048;0.296613064;0.490870337;0.490870337;2.17E-05;1.97E-05;0.407119981;0.398438997
1.40E+16;1.00E+16;-0.1;0.1874223;0.296103283;0.642045079;0.45462278;0.345941796;0.47502799;0.47502799;2.06E-05;2.12E-05;0.407119981;0.398438997
1.40E+16;1.00E+16;0.1;0.1874223;0.096103283;0.550109845;0.362687545;0.454006562;0.444324352;0.444324352;1.84E-05;2.43E-05;0.407119981;0.398438997
1.40E+16;1.00E+16;0.2;0.1874223;-0.003896717;0.508654629;0.321232329;0.512551345;0.429438258;0.429438258;1.73E-05;2.58E-05;0.407119981;0.398438997
1.40E+16;1.00E+16;0.3;0.1874223;-0.103896717;0.470088103;0.282665803;0.573984819;0.414847259;0.414847259;1.62E-05;2.73E-05;0.407119981;0.398438997
1.40E+16;1.00E+16;0.4;0.1874223;-0.203896717;0.434326041;0.246903741;0.638222757;0.400540599;0.400540599;1.52E-05;2.88E-05;0.407119981;0.398438997
1.40E+16;1.00E+16;0.5;0.1874223;-0.303896717;0.401288232;0.213865932;0.705184949;0.386508096;0.386508096;1.41E-05;3.02E-05;0.407119981;0.398438997
1.40E+16;1.00E+16;0.6;0.1874223;-0.403896717;0.370898218;0.183475918;0.774794934;0.372740105;0.372740105;1.31E-05;3.17E-05;0.407119981;0.398438997
1.40E+16;1.00E+16;0.7;0.1874223;-0.503896717;0.343083049;0.155660749;0.846979766;0.359227473;0.359227473;1.20E-05;3.31E-05;0.407119981;0.398438997
1.40E+16;1.00E+16;0.8;0.1874223;-0.603896717;0.317773068;0.130350769;0.921669785;0.345961515;0.345961515;1.10E-05;3.46E-05;0.407119981;0.398438997
1.40E+16;1.00E+16;0.9;0.1874223;-0.703896717;0.294901702;0.107479402;0.998798419;0.332933976;0.332933976;1.00E-05;3.60E-05;0.407119981;0.398438997
1.60E+16;1.00E+16;0;0.18397719;0.196103283;0.563712436;0.379735246;0.367609152;#DIV/0!;#DIV/0!;1.76E-05;2.19E-05;0.379735246;0.367609152
1.60E+16;1.00E+16;-0.9;0.18397719;1.096103283;1.119606836;0.935629646;0.023503553;0.617660445;0.617660445;2.76E-05;5.90E-06;0.379735246;0.367609152
1.60E+16;1.00E+16;-0.8;0.18397719;0.996103283;1.040033088;0.856055898;0.043929805;0.595400816;0.595400816;2.64E-05;7.82E-06;0.379735246;0.367609152
1.60E+16;1.00E+16;-0.7;0.18397719;0.896103283;0.965523292;0.781546102;0.069420008;0.574015509;0.574015509;2.52E-05;9.69E-06;0.379735246;0.367609152
1.60E+16;1.00E+16;-0.6;0.18397719;0.796103283;0.89577731;0.71180012;0.099674026;0.553441456;0.553441456;2.40E-05;1.15E-05;0.379735246;0.367609152
1.60E+16;1.00E+16;-0.5;0.18397719;0.696103283;0.83052353;0.64654634;0.134420247;0.533622189;0.533622189;2.29E-05;1.33E-05;0.379735246;0.367609152
1.60E+16;1.00E+16;-0.4;0.18397719;0.596103283;0.769515211;0.585538021;0.173411927;0.514506938;0.514506938;2.18E-05;1.51E-05;0.379735246;0.367609152
1.60E+16;1.00E+16;-0.3;0.18397719;0.496103283;0.712527404;0.528550214;0.21642412;0.496049893;0.496049893;2.07E-05;1.68E-05;0.379735246;0.367609152
1.60E+16;1.00E+16;-0.2;0.18397719;0.396103283;0.659354349;0.47537716;0.263251066;0.478209568;0.478209568;1.97E-05;1.85E-05;0.379735246;0.367609152
1.60E+16;1.00E+16;-0.1;0.18397719;0.296103283;0.609807263;0.425830073;0.31370398;0.460948275;0.460948275;1.86E-05;2.02E-05;0.379735246;0.367609152
1.60E+16;1.00E+16;0.1;0.18397719;0.096103283;0.5209096;0.33693241;0.424806316;0.428028361;0.428028361;1.66E-05;2.35E-05;0.379735246;0.367609152
1.60E+16;1.00E+16;0.2;0.18397719;-0.003896717;0.481250517;0.297273327;0.485147234;0.412309593;0.412309593;1.56E-05;2.51E-05;0.379735246;0.367609152
1.60E+16;1.00E+16;0.3;0.18397719;-0.103896717;0.444597753;0.260620563;0.548494469;0.397048944;0.397048944;1.46E-05;2.67E-05;0.379735246;0.367609152
1.60E+16;1.00E+16;0.4;0.18397719;-0.203896717;0.410823602;0.226846412;0.614720318;0.382222085;0.382222085;1.36E-05;2.82E-05;0.379735246;0.367609152
1.60E+16;1.00E+16;0.5;0.18397719;-0.303896717;0.379809153;0.195831963;0.683705869;0.367806566;0.367806566;1.26E-05;2.98E-05;0.379735246;0.367609152
1.60E+16;1.00E+16;0.6;0.18397719;-0.403896717;0.351443462;0.167466273;0.755340179;0.353781622;0.353781622;1.17E-05;3.13E-05;0.379735246;0.367609152
1.60E+16;1.00E+16;0.7;0.18397719;-0.503896717;0.325622828;0.141645638;0.829519544;0.340128012;0.340128012;1.08E-05;3.28E-05;0.379735246;0.367609152
1.60E+16;1.00E+16;0.8;0.18397719;-0.603896717;0.30225014;0.11827295;0.906146857;0.326827869;0.326827869;9.83E-06;3.43E-05;0.379735246;0.367609152
1.60E+16;1.00E+16;0.9;0.18397719;-0.703896717;0.281234315;0.097257125;0.985131031;0.313864579;0.313864579;8.92E-06;3.57E-05;0.379735246;0.367609152
1.80E+16;1.00E+16;0;0.180938388;0.196103283;0.537479723;0.356541335;0.341376439;#DIV/0!;#DIV/0!;1.61E-05;2.11E-05;0.356541335;0.341376439
1.80E+16;1.00E+16;-0.9;0.180938388;1.096103283;1.102399188;0.921460801;0.006295905;0.627688295;0.627688295;2.58E-05;3.58E-06;0.356541335;0.341376439
1.80E+16;1.00E+16;-0.8;0.180938388;0.996103283;1.018180539;0.837242151;0.022077255;0.60087602;0.60087602;2.46E-05;5.74E-06;0.356541335;0.341376439
1.80E+16;1.00E+16;-0.7;0.180938388;0.896103283;0.940407038;0.759468651;0.044303755;0.575610451;0.575610451;2.34E-05;7.85E-06;0.356541335;0.341376439
1.80E+16;1.00E+16;-0.6;0.180938388;0.796103283;0.868517375;0.687578988;0.072414092;0.551729421;0.551729421;2.23E-05;9.89E-06;0.356541335;0.341376439
1.80E+16;1.00E+16;-0.5;0.180938388;0.696103283;0.802027272;0.621088884;0.105923988;0.529095098;0.529095098;2.12E-05;1.19E-05;0.356541335;0.341376439
1.80E+16;1.00E+16;-0.4;0.180938388;0.596103283;0.740515446;0.559577059;0.144412163;0.507589309;0.507589309;2.01E-05;1.38E-05;0.356541335;0.341376439
1.80E+16;1.00E+16;-0.3;0.180938388;0.496103283;0.683612707;0.50267432;0.187509424;0.487109948;0.487109948;1.91E-05;1.57E-05;0.356541335;0.341376439
1.80E+16;1.00E+16;-0.2;0.180938388;0.396103283;0.630993357;0.45005497;0.234890074;0.467568173;0.467568173;1.80E-05;1.75E-05;0.356541335;0.341376439
1.80E+16;1.00E+16;-0.1;0.180938388;0.296103283;0.582368342;0.401429954;0.286265058;0.448886188;0.448886188;1.70E-05;1.93E-05;0.356541335;0.341376439
1.80E+16;1.00E+16;0.1;0.180938388;0.096103283;0.496096184;0.315157797;0.399992901;0.413835383;0.413835383;1.51E-05;2.28E-05;0.356541335;0.341376439
1.80E+16;1.00E+16;0.2;0.180938388;-0.003896717;0.458009336;0.277070949;0.461906053;0.397351932;0.397351932;1.42E-05;2.45E-05;0.356541335;0.341376439
1.80E+16;1.00E+16;0.3;0.180938388;-0.103896717;0.423030654;0.242092266;0.52692737;0.381496897;0.381496897;1.32E-05;2.62E-05;0.356541335;0.341376439
1.80E+16;1.00E+16;0.4;0.180938388;-0.203896717;0.390988923;0.210050535;0.594885639;0.366227;0.366227;1.23E-05;2.78E-05;0.356541335;0.341376439
1.80E+16;1.00E+16;0.5;0.180938388;-0.303896717;0.361728095;0.180789708;0.665624812;0.351503255;0.351503255;1.15E-05;2.94E-05;0.356541335;0.341376439
1.80E+16;1.00E+16;0.6;0.180938388;-0.403896717;0.33510547;0.154167083;0.739002187;0.337290421;0.337290421;1.06E-05;3.10E-05;0.356541335;0.341376439
1.80E+16;1.00E+16;0.7;0.180938388;-0.503896717;0.310990149;0.130051761;0.814886866;0.323556534;0.323556534;9.72E-06;3.25E-05;0.356541335;0.341376439
1.80E+16;1.00E+16;0.8;0.180938388;-0.603896717;0.289261712;0.108323325;0.893158429;0.310272513;0.310272513;8.88E-06;3.40E-05;0.356541335;0.341376439
1.80E+16;1.00E+16;0.9;0.180938388;-0.703896717;0.269809082;0.088870694;0.973705798;0.297411823;0.297411823;8.04E-06;3.55E-05;0.356541335;0.341376439
2.00E+16;1.00E+16;0;0.178220086;0.196103283;0.514797368;0.336577282;0.318694085;#DIV/0!;#DIV/0!;1.48E-05;2.04E-05;0.336577282;0.318694085
2.00E+16;1.00E+16;-0.9;0.178220086;1.096103283;1.093493294;0.915273208;-0.002609989;0.642995474;0.642995474;2.44E-05;1.22E-06;0.336577282;0.318694085
2.00E+16;1.00E+16;-0.8;0.178220086;0.996103283;1.003055842;0.824835755;0.006952558;0.610323092;0.610323092;2.32E-05;3.69E-06;0.336577282;0.318694085
2.00E+16;1.00E+16;-0.7;0.178220086;0.896103283;0.920993265;0.742773179;0.024889982;0.580279853;0.580279853;2.20E-05;6.05E-06;0.336577282;0.318694085
2.00E+16;1.00E+16;-0.6;0.178220086;0.796103283;0.846289153;0.668069066;0.050185869;0.552486307;0.552486307;2.08E-05;8.31E-06;0.336577282;0.318694085
2.00E+16;1.00E+16;-0.5;0.178220086;0.696103283;0.778117429;0.599897342;0.082014145;0.526640121;0.526640121;1.98E-05;1.05E-05;0.336577282;0.318694085
2.00E+16;1.00E+16;-0.4;0.178220086;0.596103283;0.715795905;0.537575819;0.119692621;0.502496342;0.502496342;1.87E-05;1.26E-05;0.336577282;0.318694085
2.00E+16;1.00E+16;-0.3;0.178220086;0.496103283;0.65875346;0.480533373;0.162650176;0.479853638;0.479853638;1.77E-05;1.46E-05;0.336577282;0.318694085
2.00E+16;1.00E+16;-0.2;0.178220086;0.396103283;0.606506259;0.428286173;0.210402976;0.458544456;0.458544456;1.67E-05;1.66E-05;0.336577282;0.318694085
2.00E+16;1.00E+16;-0.1;0.178220086;0.296103283;0.55864015;0.380420064;0.262536866;0.438427816;0.438427816;1.57E-05;1.85E-05;0.336577282;0.318694085
2.00E+16;1.00E+16;0.1;0.178220086;0.096103283;0.474666345;0.296446259;0.378563061;0.401310233;0.401310233;1.39E-05;2.22E-05;0.336577282;0.318694085
2.00E+16;1.00E+16;0.2;0.178220086;-0.003896717;0.437973761;0.259753675;0.441870478;0.384118034;0.384118034;1.30E-05;2.40E-05;0.336577282;0.318694085
2.00E+16;1.00E+16;0.3;0.178220086;-0.103896717;0.404478281;0.226258195;0.508374998;0.367730289;0.367730289;1.22E-05;2.57E-05;0.336577282;0.318694085
2.00E+16;1.00E+16;0.4;0.178220086;-0.203896717;0.373965545;0.195745459;0.577862262;0.352079558;0.352079558;1.13E-05;2.74E-05;0.336577282;0.318694085
2.00E+16;1.00E+16;0.5;0.178220086;-0.303896717;0.346244127;0.168024041;0.650140844;0.337106482;0.337106482;1.05E-05;2.90E-05;0.336577282;0.318694085
2.00E+16;1.00E+16;0.6;0.178220086;-0.403896717;0.321142241;0.142922155;0.725038958;0.322758545;0.322758545;9.67E-06;3.07E-05;0.336577282;0.318694085
2.00E+16;1.00E+16;0.7;0.178220086;-0.503896717;0.298505031;0.120284945;0.802401747;0.308989053;0.308989053;8.87E-06;3.23E-05;0.336577282;0.318694085
2.00E+16;1.00E+16;0.8;0.178220086;-0.603896717;0.27819232;0.099972234;0.882089037;0.29575631;0.29575631;8.09E-06;3.38E-05;0.336577282;0.318694085
2.00E+16;1.00E+16;0.9;0.178220086;-0.703896717;0.260076739;0.081856653;0.963973456;0.283022921;0.283022921;7.33E-06;3.53E-05;0.336577282;0.318694085
